# Host: localhost  (Version 5.7.9)
# Date: 2016-07-28 11:41:54
# Generator: MySQL-Front 5.3  (Build 5.26)

/*!40101 SET NAMES utf8 */;

#
# Structure for table "asset"
#

DROP TABLE IF EXISTS `asset`;
CREATE TABLE `asset` (
  `id` int(11) NOT NULL AUTO_INCREMENT,
  `user_id` int(11) NOT NULL DEFAULT '0' COMMENT '用户id',
  `product_id` int(11) NOT NULL DEFAULT '0' COMMENT '产品id',
  `money` float(11,2) NOT NULL DEFAULT '0.00' COMMENT '该用户此产品资金总和',
  `usable` float(11,2) NOT NULL DEFAULT '0.00' COMMENT '该用户此产品可用金额',
  PRIMARY KEY (`id`)
) ENGINE=MyISAM AUTO_INCREMENT=3 DEFAULT CHARSET=utf8 COMMENT='用户资产表';

#
# Data for table "asset"
#

/*!40000 ALTER TABLE `asset` DISABLE KEYS */;
INSERT INTO `asset` VALUES (1,2,2,2.00,2.00),(2,2,1,4.00,3.50);
/*!40000 ALTER TABLE `asset` ENABLE KEYS */;

#
# Structure for table "checking"
#

DROP TABLE IF EXISTS `checking`;
CREATE TABLE `checking` (
  `id` int(11) NOT NULL AUTO_INCREMENT,
  `phone` char(11) NOT NULL DEFAULT '' COMMENT '手机号',
  `verify` char(4) NOT NULL DEFAULT '' COMMENT '验证码',
  `due_time` int(11) NOT NULL DEFAULT '0' COMMENT '验证码过期时间',
  PRIMARY KEY (`id`)
) ENGINE=MyISAM AUTO_INCREMENT=2 DEFAULT CHARSET=utf8 COMMENT='用户注册验证';

#
# Data for table "checking"
#

/*!40000 ALTER TABLE `checking` DISABLE KEYS */;
INSERT INTO `checking` VALUES (1,'15237375997','1234',1568840444);
/*!40000 ALTER TABLE `checking` ENABLE KEYS */;

#
# Structure for table "commission"
#

DROP TABLE IF EXISTS `commission`;
CREATE TABLE `commission` (
  `id` int(11) NOT NULL AUTO_INCREMENT,
  `agency_id` int(11) NOT NULL DEFAULT '0' COMMENT '代理id',
  `money` float(11,2) NOT NULL DEFAULT '0.00' COMMENT '提成金额',
  `create_time` int(11) NOT NULL DEFAULT '0' COMMENT '生成时间',
  PRIMARY KEY (`id`)
) ENGINE=MyISAM AUTO_INCREMENT=29 DEFAULT CHARSET=utf8 COMMENT='提成表';

#
# Data for table "commission"
#

/*!40000 ALTER TABLE `commission` DISABLE KEYS */;
INSERT INTO `commission` VALUES (1,10,8888.00,1469345313),(2,6,4444.00,1469345313),(3,7,4444.00,1469345313),(4,8,2222.00,1469345313),(5,9,2222.00,1469345313),(6,11,2222.00,1469345313),(7,12,2222.00,1469345313),(22,10,660.00,1469622807),(23,6,146.00,1469622807),(24,7,146.00,1469622807),(25,8,28.00,1469622807),(26,9,28.00,1469622807),(27,11,28.00,1469622807),(28,12,28.00,1469622807);
/*!40000 ALTER TABLE `commission` ENABLE KEYS */;

#
# Structure for table "grade"
#

DROP TABLE IF EXISTS `grade`;
CREATE TABLE `grade` (
  `id` int(11) NOT NULL AUTO_INCREMENT,
  `name` varchar(10) NOT NULL DEFAULT '' COMMENT '等级名',
  `create_time` int(11) NOT NULL DEFAULT '0' COMMENT '创建时间',
  `update_time` int(11) NOT NULL DEFAULT '0' COMMENT '修改时间',
  PRIMARY KEY (`id`)
) ENGINE=MyISAM AUTO_INCREMENT=4 DEFAULT CHARSET=utf8 COMMENT='代理等级';

#
# Data for table "grade"
#

/*!40000 ALTER TABLE `grade` DISABLE KEYS */;
INSERT INTO `grade` VALUES (1,'一级代理',0,0),(2,'二级代理',0,0),(3,'三级代理',0,0);
/*!40000 ALTER TABLE `grade` ENABLE KEYS */;

#
# Structure for table "poundage"
#

DROP TABLE IF EXISTS `poundage`;
CREATE TABLE `poundage` (
  `id` int(11) NOT NULL AUTO_INCREMENT,
  `money` float(11,2) NOT NULL DEFAULT '0.00' COMMENT '手续费',
  `create_time` int(11) NOT NULL DEFAULT '0' COMMENT '创建时间',
  `update_time` int(11) NOT NULL DEFAULT '0' COMMENT '修改时间',
  PRIMARY KEY (`id`)
) ENGINE=MyISAM AUTO_INCREMENT=2 DEFAULT CHARSET=utf8 COMMENT='手续费';

#
# Data for table "poundage"
#

/*!40000 ALTER TABLE `poundage` DISABLE KEYS */;
INSERT INTO `poundage` VALUES (1,1.00,1469000677,1469088076);
/*!40000 ALTER TABLE `poundage` ENABLE KEYS */;

#
# Structure for table "prepaid"
#

DROP TABLE IF EXISTS `prepaid`;
CREATE TABLE `prepaid` (
  `id` int(11) NOT NULL AUTO_INCREMENT,
  `user_id` int(11) NOT NULL DEFAULT '0' COMMENT '用户id',
  `product_id` int(11) NOT NULL DEFAULT '0' COMMENT '产品id',
  `money` float(11,2) NOT NULL DEFAULT '0.00' COMMENT '充值金额',
  `remarks` varchar(100) NOT NULL DEFAULT '' COMMENT '备注',
  `status` tinyint(3) NOT NULL DEFAULT '0' COMMENT '是否已充值（0：未充值，1：已充值）',
  `create_time` int(11) NOT NULL DEFAULT '0' COMMENT '生成时间',
  `update_time` int(11) NOT NULL DEFAULT '0' COMMENT '充值时间',
  PRIMARY KEY (`id`)
) ENGINE=MyISAM AUTO_INCREMENT=10 DEFAULT CHARSET=utf8 COMMENT='充值表';

#
# Data for table "prepaid"
#

/*!40000 ALTER TABLE `prepaid` DISABLE KEYS */;
INSERT INTO `prepaid` VALUES (1,2,2,1.00,'',1,1469440985,1469440988),(2,2,2,1.00,'',1,1469440985,1469440985),(3,2,2,1.00,'',1,1469440985,1469440989),(4,2,2,1.00,'',1,1469338985,1469440985),(5,2,1,1.00,'',1,1469528665,1469528665),(6,2,1,1.00,'',1,1469528705,1469528705),(7,2,1,1.00,'',1,1469528747,1469528747),(8,2,1,1.00,'测试',1,1469528826,1469528826),(9,2,1,1.00,'',1,1469528877,1469528877);
/*!40000 ALTER TABLE `prepaid` ENABLE KEYS */;

#
# Structure for table "product"
#

DROP TABLE IF EXISTS `product`;
CREATE TABLE `product` (
  `id` int(11) NOT NULL AUTO_INCREMENT,
  `name` varchar(10) NOT NULL DEFAULT '' COMMENT '产品名',
  `status` tinyint(1) NOT NULL DEFAULT '0' COMMENT '状态（0：有效，1：删除）',
  `create_time` int(11) NOT NULL DEFAULT '0' COMMENT '创建时间',
  `update_time` int(11) NOT NULL DEFAULT '0' COMMENT '修改时间',
  PRIMARY KEY (`id`)
) ENGINE=MyISAM AUTO_INCREMENT=3 DEFAULT CHARSET=utf8 COMMENT='产品';

#
# Data for table "product"
#

/*!40000 ALTER TABLE `product` DISABLE KEYS */;
INSERT INTO `product` VALUES (1,'大恒指',0,1469080810,1469080810),(2,'小恒指',0,1469080867,1469083118);
/*!40000 ALTER TABLE `product` ENABLE KEYS */;

#
# Structure for table "refund"
#

DROP TABLE IF EXISTS `refund`;
CREATE TABLE `refund` (
  `id` int(11) NOT NULL AUTO_INCREMENT,
  `user_id` int(11) NOT NULL DEFAULT '0' COMMENT '用户id',
  `product_id` int(11) NOT NULL DEFAULT '0' COMMENT '产品id',
  `money` float(11,2) NOT NULL DEFAULT '0.00' COMMENT '退款金额（申请金额）',
  `poundage` float(11,2) DEFAULT NULL COMMENT '手续费',
  `actual_refund` float(11,2) DEFAULT NULL COMMENT '实际退款金额',
  `remarks` varchar(100) NOT NULL DEFAULT '' COMMENT '拒绝理由',
  `status` tinyint(3) NOT NULL DEFAULT '0' COMMENT '是否已退款（0：待处理，1：已退款，2：已拒绝）',
  `create_time` int(11) NOT NULL DEFAULT '0' COMMENT '生成时间',
  `update_time` int(11) NOT NULL DEFAULT '0' COMMENT '处理时间',
  PRIMARY KEY (`id`)
) ENGINE=MyISAM AUTO_INCREMENT=22 DEFAULT CHARSET=utf8 COMMENT='退款表';

#
# Data for table "refund"
#

/*!40000 ALTER TABLE `refund` DISABLE KEYS */;
INSERT INTO `refund` VALUES (1,2,1,1000.00,1.00,999.00,'',1,1469000677,1469276792),(2,2,2,1000.00,NULL,NULL,'反反复复',2,1469000677,1469277231),(3,3,2,1000.00,1.00,999.00,'fffff',1,1469000677,1469281724),(4,2,1,1000.00,1.00,999.00,'',1,1469000677,1469276792),(5,2,2,1000.00,NULL,NULL,'反反复复',2,1469000677,1469277231),(6,3,2,1000.00,1.00,999.00,'fffff',1,1469000677,1469281724),(7,2,1,1000.00,1.00,999.00,'',1,1469000677,1469276792),(8,2,2,1000.00,NULL,NULL,'反反复复',2,1469000677,1469277231),(9,3,2,1000.00,1.00,999.00,'fffff',1,1469000677,1469281724),(10,2,1,1000.00,1.00,999.00,'',1,1469000677,1469276792),(11,2,2,1000.00,NULL,NULL,'反反复复',2,1469000677,1469277231),(12,3,2,1000.00,1.00,999.00,'fffff',1,1469000677,1469281724),(18,2,2,2.00,1.00,1.00,'',1,1469535939,1469611142),(19,2,1,1.00,0.20,0.80,'',1,1469535947,1469535947),(20,2,1,2.00,NULL,NULL,'测试',2,1469535951,1469611173),(21,2,1,0.50,NULL,NULL,'',0,1469611503,1469611503);
/*!40000 ALTER TABLE `refund` ENABLE KEYS */;

#
# Structure for table "setting"
#

DROP TABLE IF EXISTS `setting`;
CREATE TABLE `setting` (
  `id` int(11) NOT NULL AUTO_INCREMENT,
  `grade_id` int(11) NOT NULL DEFAULT '0' COMMENT '代理等级id',
  `product_id` int(11) NOT NULL DEFAULT '0' COMMENT '产品id',
  `money` float(11,2) NOT NULL DEFAULT '0.00' COMMENT '提成金额',
  `begin` int(11) NOT NULL DEFAULT '0' COMMENT '开始手数',
  `end` int(11) NOT NULL DEFAULT '0' COMMENT '结束手数',
  `create_time` int(11) NOT NULL DEFAULT '0' COMMENT '创建时间',
  `update_time` int(11) NOT NULL DEFAULT '0' COMMENT '修改时间',
  PRIMARY KEY (`id`)
) ENGINE=MyISAM AUTO_INCREMENT=14 DEFAULT CHARSET=utf8 COMMENT='提成设置';

#
# Data for table "setting"
#

/*!40000 ALTER TABLE `setting` DISABLE KEYS */;
INSERT INTO `setting` VALUES (2,1,2,12.00,1,10,1469194585,1469194585),(3,1,2,15.00,11,30,1469618538,1469620701),(4,1,1,13.00,1,10,1469618555,1469618614),(5,1,1,15.00,11,30,1469618569,1469620609),(6,2,2,5.00,1,10,1469618633,1469618633),(7,2,2,8.00,11,20,1469618646,1469618646),(8,3,2,3.00,1,10,1469618660,1469619299),(9,3,1,5.00,11,20,1469618678,1469618678),(10,2,1,5.00,1,10,1469618720,1469618720),(11,2,1,10.00,11,20,1469618732,1469618732),(12,3,1,2.00,1,10,1469618792,1469618792),(13,3,2,6.00,11,20,1469619372,1469619372);
/*!40000 ALTER TABLE `setting` ENABLE KEYS */;

#
# Structure for table "trade"
#

DROP TABLE IF EXISTS `trade`;
CREATE TABLE `trade` (
  `id` int(11) NOT NULL AUTO_INCREMENT,
  `user_id` int(11) NOT NULL DEFAULT '0' COMMENT '用户id',
  `product_id` int(11) NOT NULL DEFAULT '0' COMMENT '产品id',
  `number` int(11) NOT NULL DEFAULT '0' COMMENT '交易手数',
  `create_time` int(11) NOT NULL DEFAULT '0' COMMENT '创建时间',
  PRIMARY KEY (`id`)
) ENGINE=MyISAM AUTO_INCREMENT=28 DEFAULT CHARSET=utf8 COMMENT='交易记录';

#
# Data for table "trade"
#

/*!40000 ALTER TABLE `trade` DISABLE KEYS */;
INSERT INTO `trade` VALUES (2,2,1,33,1469000677),(3,3,2,44,1469000677),(4,4,2,55,1469000677),(6,2,2,66,1469000678),(12,2,1,111,1469345313),(13,2,2,222,1469345313),(14,3,1,333,1469345313),(15,3,2,444,1469345313),(16,4,1,555,1469345313),(17,4,2,666,1469345313),(18,5,1,777,1469345313),(19,5,2,888,1469345313),(20,2,1,5,1469615222),(21,2,2,6,1469615243),(22,3,1,5,1469615222),(23,3,2,6,1469615243),(24,4,1,5,1469615222),(25,4,2,6,1469615243),(26,5,1,5,1469615222),(27,5,2,6,1469615243);
/*!40000 ALTER TABLE `trade` ENABLE KEYS */;

#
# Structure for table "user"
#

DROP TABLE IF EXISTS `user`;
CREATE TABLE `user` (
  `id` int(11) NOT NULL AUTO_INCREMENT,
  `name` char(4) NOT NULL DEFAULT '' COMMENT '用户真实名',
  `phone` char(11) NOT NULL DEFAULT '' COMMENT '用户手机号（登陆账号）',
  `password` char(32) NOT NULL DEFAULT '' COMMENT '用户密码',
  `identity_card` char(18) NOT NULL DEFAULT '' COMMENT '用户身份证号',
  `email` varchar(255) NOT NULL DEFAULT '' COMMENT '用户邮箱',
  `address` varchar(100) NOT NULL DEFAULT '' COMMENT '用户地址',
  `type` tinyint(3) NOT NULL DEFAULT '0' COMMENT '身份（0：普通用户，1：代理，2管理员）',
  `current` float(11,2) NOT NULL DEFAULT '0.00' COMMENT '用户账号当前金额',
  `grade_id` int(11) NOT NULL DEFAULT '0' COMMENT '代理等级id（1：一级代理，2：二级代理，3：三级代理）',
  `superior` int(11) NOT NULL DEFAULT '0' COMMENT '上级id',
  `stock` varchar(20) DEFAULT NULL COMMENT '股票账号',
  `stock_psd` varchar(16) DEFAULT NULL COMMENT '股票账号密码',
  `status` tinyint(1) NOT NULL DEFAULT '0' COMMENT '状态（0：有效，1：删除）',
  `create_time` int(11) NOT NULL DEFAULT '0' COMMENT '创建时间',
  `update_time` int(11) NOT NULL DEFAULT '0' COMMENT '修改时间',
  PRIMARY KEY (`id`)
) ENGINE=MyISAM AUTO_INCREMENT=13 DEFAULT CHARSET=utf8 COMMENT='用户，代理表';

#
# Data for table "user"
#

/*!40000 ALTER TABLE `user` DISABLE KEYS */;
INSERT INTO `user` VALUES (1,'杨亚东','15237375997','224cf2b695a5e8ecaecfb9015161fa4b','412722199301296112','1601372293@qq.com','河南新乡',2,8000.00,0,0,'123456','123456',0,1468840878,1468991042),(2,'大哥','15237375991','14e1b600b1fd579f47433b88e8d85291','412722199901123456','1601372293@qq.com','河南科技学院',0,6.00,0,8,NULL,NULL,0,1468986043,1468986043),(3,'老二','15237375992','14e1b600b1fd579f47433b88e8d85291','412722199901123456','1601372293@qq.com','河南信息',0,9000.00,0,9,'','',0,1468987173,1468987173),(4,'老三','15237375993','224cf2b695a5e8ecaecfb9015161fa4b','412722199901123456','1601372293@qq.com','郑州',0,10000.00,0,11,NULL,NULL,0,1468998088,1469002587),(5,'老四','15237375994','14e1b600b1fd579f47433b88e8d85291','412722199901123456','1601372293@qq.com','郑州',0,10000.00,0,12,NULL,NULL,0,1468998366,1468998366),(6,'代理三','15237375995','14e1b600b1fd579f47433b88e8d85291','412722199901123456','1601372293@qq.com','郑州',1,10000.00,2,10,NULL,NULL,0,1469000677,1469000677),(7,'代理四','15237375996','14e1b600b1fd579f47433b88e8d85291','412722199901123456','1601372293@qq.com','郑州',1,10000.00,2,10,'','',0,1469000677,1469000677),(8,'代理五','15237375998','14e1b600b1fd579f47433b88e8d85291','412722199901123456','1601372293@qq.com','郑州',1,10000.00,3,6,'','',0,1469000677,1469000677),(9,'代理六','15237375999','14e1b600b1fd579f47433b88e8d85291','412722199901123456','1601372293@qq.com','郑州',1,10000.00,3,6,'','',0,1469000677,1469000677),(10,'代理一','15237375990','14e1b600b1fd579f47433b88e8d85291','412722199901123456','1601372293@qq.com','郑州',1,10000.00,1,0,'','',0,1469000677,1469000677),(11,'代理七','15237375989','14e1b600b1fd579f47433b88e8d85291','412722199901123456','1601372293@qq.com','郑州',1,10000.00,3,7,'','',0,1469000677,1469000677),(12,'代理八','15237375988','14e1b600b1fd579f47433b88e8d85291','412722199901123456','1601372293@qq.com','郑州',1,10000.00,3,7,'','',0,1469000677,1469000677);
/*!40000 ALTER TABLE `user` ENABLE KEYS */;
